var,clinvar
M1L,P
M1K,P
A62T,B
T96R,P
Q107H,P
Y111C,P
L114P,P
E115K,P
P117S,P
P117L,P
Y125N,P
Y125D,P
Y125C,P
S140G,P
V141M,P
L156P,P
G168R,P
G168R,P
V173D,P
R174C,P
R174H,P
A178T,P
A178P,P
G179S,P
G179A,P
Y184D,P
Y184S,P
G186C,P
G186D,P
G186V,P
L187P,P
G189R,P
R190W,P
R190L,P
R190Q,P
P197S,P
D202N,P
D202G,P
L203P,P
V205M,P
V207M,B
S209P,P
T224M,P
S225L,P
I100L,P
R104S,P
R231C,P
R231L,P
R231H,P
Q234P,P
I235N,P
L236R,P
D242Y,P
D242N,P
R243C,P
R243P,P
L251P,P
S253C,P
S253F,P
V254M,P
V254L,P
V254M,P
H258P,P
H258R,P
R259C,P
R259P,P
R259,P
E261L,P
E261Q,P
E261D,P
L262P,P
T265I,P
L266R,P
L266P,P
G269R,P
G269S,P
G269V,P
G269D,P
G272D,P
L273F,P
S276F,P
S277L,P
S277W,P
F279I,P
E284K,P
F296S,P
A302V,P
W304S,P
W305L,P
W305S,P
G306R,P
V307L,P
T309I,P
T312S,P
T312I,P
G314R,P
G314S,P
G314D,P
Y315H,P
Y315C,P
Y315S,P
D317N,P
D317G,P
K318N,P
P320S,P
P320H,P
T322A,P
T322M,P
T322K,P
G325R,P
G325R,P
G325E,P
S338F,P
F339S,P
F340L,P
A341G,P
A341V,P
A341E,P
L342F,P
P343S,P
A344G,P
A344E,P
A344V,P
G345R,P
G345R,P
G345E,P
S349P,P
S349W,P
G350V,P
R360W,P
R366W,P
R366Q,P
A370E,P
A371P,P
R380S,P
W392R,P
P408A,B
V417M,B
D446E,B
P448R,B
M476T,B
R518G,P
M520R,P
Y522S,P
V524G,P
R539W,P
S546L,P
V554M,P
R555C,P
R555H,P
K557E,P
R561K,P
R562S,P
S566F,P
I567F,P
I567T,P
G568R,P
G568R,P
G568A,P
T587M,P
I588F,P
I588T,P
G589D,P
R591L,P
R591H,P
R594Q,P
E596G,P
G643S,B
V648L,B
V648I,B