var,gnomAD
P7S,5
P21S,1
G22R,1
A46T,1
A46E,2
A55V,1
A62V,1
A65V,1
S66Y,3
P67L,1
A71S,1
A71T,3
A71V,1
P73T,25
P73S,1
A76T,1
S77F,3
P81L,3
S86R,1
D88E,1
P89T,2
P89L,1
V91L,1
S92P,5
I93V,1
T96R,4
R98H,1
P99Q,2
P99R,13
T104A,1
T104I,1
G108S,1
R109C,2
R109L,2
V110I,16
Y111C,2
V129I,4
I132L,2
V133I,1
L137F,1
L137P,1
S143Y,1
E146K,2
E146Q,1
E146G,1
Q147R,1
T153M,49
V162M,6
V165M,6
F166V,1
G168R,3
G168R,1
T169M,12
V172M,14
V172E,1
R174C,1
R174H,1
L175I,3
A178T,1
R181C,6
V185M,3
V185L,9
L187F,1
L187P,2
W188G,1
W188S,1
W188C,1
R190W,1
R190Q,1
R190L,1
R192C,11
R192H,3
A194T,1
R195W,8
R195Q,11
P197L,13
I198V,5
I198T,1
D202N,3
V205M,3
V206L,1
V207L,1
V207M,76
V207L,1
A208V,1
M210I,1
C214Y,4
V215M,3
V215G,1
G219E,2
Q220K,10
T224M,1
S225L,3
R231C,1
R231H,1
L233P,1
Q234H,1
M238L,1
M238V,2
H240R,8
V241I,3
D242N,1
R243C,1
R243H,2
R249S,2
G252R,1
S253P,1
S253A,1
I257V,1
H258Y,1
R259C,1
R259H,5
Y267C,1
I268V,2
G269S,1
F270S,2
G272S,2
G272D,2
L273F,1
L273V,2
I274V,49
A287T,11
A287S,1
A287E,13
E290K,5
G292D,12
R293C,10
R293H,4
V294M,4
G297S,5
G297R,1
G297D,1
S298N,1
A300T,12
A302V,1
W305S,1
W305L,1
T311I,1
V319L,1
T322M,1
T327A,1
T327S,1
A329T,3
A336S,1
F340del,1
F340S,1
F351L,1
K358T,1
K362R,10
F364L,1
R366Q,1
A370V,41
L374H,1
A378T,4
C381Y,3
E385K,3
N386K,2
P387T,1
D388N,2
D388H,3
T391A,1
K393N,290
I394L,1
Y395C,2
R397G,1
R397W,53
R397Q,4
A399S,22
A399V,10
A399G,1
R401W,20
R401Q,3
P408A,451
P412S,1
K413R,2
V416M,3
V418I,24
K420E,1
K421N,1
K422R,1
K422T,2
K424T,1
L425V,2
N429S,2
V431L,2
T432A,1
T432I,3
P433A,1
G434R,2
P441S,7
H442R,1
T444M,4
T444K,1
D446N,9
D446E,1
D446E,18
P447H,1
P448S,1
P448Q,18
P448R,2041
P448L,7
E449K,7
E450K,2
R451Q,13
R452W,25
R452L,2
R452Q,31
H455R,1
H455Q,1
F456L,1
D459N,10
D459V,1
G460S,8
G460C,1
G460D,3
D462N,1
S463T,12
S464P,1
K467R,1
S468G,2
S468N,1
L472P,2
E473Q,1
M476V,1
P477T,1
H478Y,1
M480T,1
T482A,1
T482N,3
T482S,1
F485S,1
A486T,9
E487K,13
D488E,2
G493A,2
T495A,1
T495S,2
L497P,1
P499S,1
I500L,2
I500V,1
T501A,2
Q505R,1
R507W,2
R507Q,12
E508G,1
H509R,1
H509Q,1
H510Y,1
H510R,1
R511Q,2
T513S,1
T513A,1
R518Q,9
R519C,11
R519H,7
A525T,1
K526Q,4
K526E,2
R533Q,3
R539W,1
V541I,5
Q544E,1
G548S,1
L552F,1
R555C,2
R555S,2
R555H,4
R555L,1
D564N,2
S571P,1
F573L,1
I574V,1
V576I,16
S580G,1
S580N,1
R583C,4
R583H,5
G584S,11
S585N,1
G589S,2
G589D,14
A590T,3
R591C,1
N593S,1
R594Q,7
V595L,1
T600M,47
A607T,1
D611Y,1
D611N,17
G621C,3
G621S,16
G622S,3
P625R,1
G626S,2
G628S,7
G628D,1
G629S,11
P630T,1
P630S,2
P631R,3
G635R,4
Q640L,1
P641L,1
G643S,1433
G646S,7
V648I,484
D649N,5
D649G,2
F653Y,2
N657S,20
T658N,1
P660S,1
E663K,2
V667M,1
R669T,1
R669S,1
R670K,4
G671S,1
D673N,10
E674K,1
,
,
,
,
,
,
,
,
,
,
,
,
,
,
,
,
,
,
,
,
,
,
,
,
,
,
,
,
,
,
,
,
,
,
,
,
,
,
,
,
,
,
,
,
,
,
,
,
,
,
,
,
,
,
,
,
,
,
,
,
,
,
,
,
,
,
,
,
,
,
,
,
,
,
,
,
,
,
,
,
,
,
,
,
,
,
,
,
,
,
,
,
,
,
,
,
,
,
,
,
,
,
,
,
,
,
,
,
,
,
,
,
,
,
,
,
,
,
,
,
,
,
,
,
,
,
,
,
,
,
,
,
,
,
,
,
,
,
,
,
,
,
,
,
,
,
,
,
,
,
,
,
,
,
,
,
,
,
,
,
,
,
,
,
,
,
,
,
,
,
,
,
,
,
,
,
,
,
,
,
,
,
,
,
,
,
,
,
,
,
,
,
,
,
,
,
,
,
,
,
,
,
,
,
,
,
,
,
,
,
,
,
,
,
,
,
,
,
,
,
,
,
,
,
,
,
,
,
,
,
,
,
,
,
,
,
,
,
,
,
,
,
,
,
,
,
,
,
,
,
,
,
,
,
,
,
,
,
,
,
,
,
,
,
,
,
,
,
,
,
,
,
,
,
,
,
,
,
,
,
,
,
,
,
,
,
,
,
,
,
,
,
,
,
,
,
,
,
,
,
,
,
,
,
,
,
,
,
,
,
,
,
,
,
,
,
,
,
,
,
,
,
,
,
,
,
,
,
,
,
,
,
,
,
,
,
,
,
,
,
,
,
,
,
,
,
,
,
,
,
,
,
,
,
,
,
,
,
,
,
,
,
,
,
,
,
,
,
,
,
,
,
,
,
,
,
,
,
,
,
,
,
,
,
,
,
,
,
,
,
,
,
,
,
,
,
,
,
,
,
,
,
,
,
,
,
,
,
,
,
,
,
,
,
,
,
,
,
,
,
,
,
,
,
,
,
,
,
,
,
,
,
,
,
,
,
,
,
,
,
,
,
,
,
,
,
,
,
,
,
,
,
,
,
,
,
,
,
,
,
,
,
,
,
,
,
,
,
,
,
,
,
,
,
,
,
,
,
,
,
,
,
,
,
,
,
,
,
,
,
,
,
,
,
,
,
,
,
,
,
,
,
,
,
,
,
,
,
,
,
,
,
,
,
,
,
,
,
,
,
,
,
,
,
,
,
,
,
,
,
,
,
,
,
,
,
,
,
,
,
,
,
,
,
,
,
,
,
,
,
,
,
,
,
,
,
,
,
,
,
,
,
,
,
,
,
,
,
,
,
,
,
,
,
,
,
,
,
,
,
,
,
,
,
,
,
,
,
,
,
,
,
,
,
,
,
,
,
,
,
,
,
,
,
,
,
,
,
,
,
,
,
,
,
,
,
,
,
,
,
,
,
,
,
,
,
,
,
,
,
,
,
,
,
,
,
,
,
,
,
,
,
,
,
,
,
,
,
,
,
,
,
,
,
,
,
,
,
,
,
,
,
,
,
,
,
,
,
,
,
,
,
,
,
,
,
,
,
,
,
,
,
,
,
,
,
,
,
,
,
,
,
,
,
,
,
,
,
,
,
,
,
,
,
,
,
,
,
,
,
,
,
,
,
,
,
,
,
,
,
,
,
,
,
,
,
,
,
,
,
,
,
,
,
,
,
,
,
,
,
,
,
,
,
,
,
,
,
,
,
,
,
,
,
,
,
,
,
,
,
,
,
,
,
,
,
,
,
,
,
,
,
,
,
,
,
,
,
,
,
,
,
,
,
,
,
,
,
,
,
,
,
,
,
,
,
,
,
,
,
,
,
,
,
,
,
,
,
,
,
,
,
,
,
,
,
,
,
,
,
,
,
,
,
,
,
,
,
,
,
,
,
,
,
,
,
,
,
,
,
,
,
,
,
,
,
,
,
,
,
,
,
,
,
,
,
,
,
,
,
,
,
,
,
,
,
,
,
,
,
,
,
,
,
,
,
,
,
,
,
,
,
,
,
,
,
,
,
,
,
,
,
,
,
,
,
,
,
,
,
,
,
,
,
,
,
,
,
,
,
,
,
,
,
,
,
,
,
,
,
,
,
,
,
,
,
,
,
,
,
,
,
,
,
,
,
,
,
,
,
,
,
,
,
,
,
,
,
,
,
,
,
,
,
,
,
,
,
,
,
,
,
,
,
,
,
,
,
,
,
,
,
,
,
,
,
,
,
,
,
,
,
,
,
,
,
,
,
,
,
,
,
,
,
,
,
,
,
,
,
,
,
,
,
,
,
,
,
,
,
,
,
,
,
,
,
,
,
,
,
,
,
,
,
,
,
,
,
,
,
,
,
,
,
,
,
,
,
,
,
,
,
,
,
,
,
,
,
,
,
,
,
,
,
,
,
,
,
,
,
,
,
,
,
,
,
,
,
,
,
,
,
,
,
,
,
,
,
,
,
,
,
,
,
,
,
,
,
,
,
,
,
,
,
,
,
,
,
,
,
,
,
,
,
,
,
,
,
,
,
,
,
,
,
,
,
,
,
,
,
,
,
,
,
,
,
,
,
,
,
,
,
,
,
,
,
,
,
,
,
,
,
,
,
,
,
,
,
,
,
,
,
,
,
,
,
,
,
,
,
,
,
,
,
,
,
,
,
,
,
,
,
,
,
,
,
,
,
,
,
,
,
,
,
,
,
,
,
,
,
,
,
,
,
,
,
,
,
,
,
,
,
,
,
,
,
,
,
,
,
,
,
,
,
,
,
,
,
,
,
,
,
,
,
,
,
,
,
,
,
,
,
,
,
,
,
,
,
,
,
,
,
,
,
,
,
,
,
,
,
,
,
,
,
,
,
,
,
,
,
,
,
,
,
,
,
,
,
,
,
,
,
,
,
,
,
,
,
,
,
,
,
,
,
,
,
,
,
,
,
,
,
,
,
,
,
,
,
,
,
,
,
,
,
,
,
,
,
,
,
,
,
,
,
,
,
,
,
,
,
,
,
,
,
,
,
,
,
,
,
,
,
,
,
,
,
,
,
,
,
,
,
,
,
,
,
,
,
,
,
,
,
,
,
,
,
,
,
,
,
,
,
,
,
,
,
,
,
,
,
,
,
,
,
,
,
,
,
,
,
,
,
,
,
,
,
,
,
,
,
,
,
,
,
,
,
,
,
,
,
,
,
,
,
,
,
,
,
,
,
,
,
,
,
,
,
,
,
,
,
,
,
,
,
,
,
,
,
,
,
,
,
,
,
,
,
,
,
,
,
,
,
,
,
,
,
,
,
,
,
,
,
,
,
,
,
,
,
,
,
,
,
,
,
,
,
,
,
,
,
,
,
,
,
,
,
,
,
,
,
,
,
,
,
,
,
,
,
,
,
,
,
,
,
,
,
,
,
,
,
,
,
,
,
,
,
,
,
,
,
,
,
,
,
,
,
,
,
,
,
,
,
,
,
,
,
,
,
,
,
,
,
,
,
,
,
,
,
,
,
,
,
,
,
,
,
,
,
,
,
,
,
,
,
,
,
,
,
,
,
,
,
,
,
,
,
,
,
,
,
,
,
,
,
,
,
,
,
,
,
,
,
,
,
,
,
,
,
,
,
,
,
,
,
,
,
,
,
,
,
,
,
,
,
,
,
,
,
,
,
,
,
,
,
,
,
,
,
,
,
,
,
,
,
,
,
,
,
,
,
,
,
,
,
,
,
,
,
,
,
,
,
,
,
,
,
,
,
,
,
,
,
,
,
,
,
,
,
,
,
,
,
,
,
,
,
,
,
,
,
,
,
,
,
,
,
,
,
,
,
,
,
,
,
,
,
,
,
,
,
,
,
,
,
,
,
,
,
,
,
,
,
,
,
,
,
,
,
,
,
,
,
,
,
,
,
,
,
,
,
,
,
,
,
,
,
,
,
,
,
,
,
,
,
,
,
,
,
,
,
,
,
,
,
,
,
,
,
,
,
,
,
,
,
,
,
,
,
,
,
,
,
,
,
,
,
,
,
,
,
,
,
,
,
,
,
,
,
,
,
,
,
,
,
,
,
,
,
,
,
,
,
,
,
,
,
,
,
,
,
,
,
,
,
,
,
,
,
,
,
,
,
,
,
,
,
,
,
,
,
,
,
,
,
,
,
,
,
,
,
,
,
,
,
,
,
,
,
,
,
,
,
,
,
,
,
,
,
,
,
,
,
,
,
,
,
,
,
,
,
,
,
,
,
,
,
,
,
,
,
,
,
,
,
,
,
,
,
,
,
,
,
,
,
,
,
,
,
,
,
,
,
,
,
,
,
,
,
,
,
,
,
,
,
,
,
,
,
,
,
,
,
,
,
,
,
,
,
,
,
,
,
,
,
,
,
,
,
,
,
,
,
,
,
,
,
,
,
,
,
,
,
,
,
,
,
,
,
,
,
,
,
,
,
,
,
,
,
,
,
,
,
,
,
,
,
,
,
,
,
,
,
,
,
,
,
,
,
,
,
,
,
,
,
,
,
,
,
,
,
,
,
,
,
,
,
,
,
,
,
,
,
,
,
,
,
,
,
,
,
,
,
,
,
,
,
,
,
,
,
,
,
,
,
,
,
,
,
,
,
,
,
,
,
,
,
,
,
,
,
,
,
,
,
,
,
,
,
,
,
,
,
,
,
,
,
,
,
,
,
,
,
,
,
,
,
,
,
,
,
,
,
,
,
,
,
,
,
,
,
,
,
,
